-- ======================================================================
-- 初期データ投入 (Sample Data)
-- ======================================================================

--------------------------------------------------------------------
-- 前提：DDL 実行済み、かつ SCHEMA 作成済み
--------------------------------------------------------------------
SET search_path TO agentbased, public;

-- 1) users -----------------------------------------------------------------
INSERT INTO agentbased.users (email, username, password_hash, role)
VALUES
  ('admin@example.com', 'admin',  'hashed_admin_password', 'admin'),
  ('user1@example.com', 'user1',  'hashed_user1_password', 'developer');

-- 2) projects --------------------------------------------------------------
INSERT INTO agentbased.projects (user_email, name, description)
VALUES
  ('admin@example.com', 'Project Alpha',  'Sample project for multi-AI agent web app'),
  ('admin@example.com', 'Project Gamma',  'Third sample project'),   -- ★追加
  ('user1@example.com', 'Project Beta',   'Another project sample');

-- 3) agent_tasks -----------------------------------------------------------
INSERT INTO agentbased.agent_tasks (
  project_user_email, project_name, agent_type, status,
  result, started_at, finished_at
) VALUES
  -- Project Alpha (admin)
  ('admin@example.com','Project Alpha','code_generation','completed',
   'Generated Python/Tkinter Tetris code', NOW(), NOW()),
  ('admin@example.com','Project Alpha','qa','completed',
   'All tests passed with 98% coverage',  NOW(), NOW()),
  ('admin@example.com','Project Alpha','security','completed',
   'Vulnerabilities found in input sanitization', NOW(), NOW()),

  -- Project Gamma (admin)
  ('admin@example.com','Project Gamma','code_generation','completed',
   'Generated Python/Tkinter Tetris code', NOW(), NOW()),
  ('admin@example.com','Project Gamma','qa','completed',
   'All tests passed with 98% coverage',  NOW(), NOW()),
  ('admin@example.com','Project Gamma','security','completed',
   'Vulnerabilities found in input sanitization', NOW(), NOW()),

  -- Project Beta (user1)
  ('user1@example.com','Project Beta','code_generation','completed',
   'Generated Python/Tkinter Tetris code', NOW(), NOW()),
  ('user1@example.com','Project Beta','qa','completed',
   'All tests passed with 98% coverage',  NOW(), NOW()),
  ('user1@example.com','Project Beta','security','failed',
   'Vulnerabilities found in input sanitization', NOW(), NOW());

-- 4) artifacts -------------------------------------------------------------
INSERT INTO agentbased.artifacts (
  project_user_email, project_name, artifact_type, content
) VALUES
  -- Alpha
  ('admin@example.com','Project Alpha','code',
   'def start_game(): print(''Tetris Starting'')'),
  ('admin@example.com','Project Alpha','ui',
   '<div class=\"tetris-board\"></div>'),
  ('admin@example.com','Project Alpha','document',
   'Design doc for Alpha'),
  -- Gamma
  ('admin@example.com','Project Gamma','code',
   'def start_game(): print(''Tetris Starting'')'),
  ('admin@example.com','Project Gamma','ui',
   '<div class=\"tetris-board\"></div>'),
  ('admin@example.com','Project Gamma','document',
   'Design doc for Gamma'),
  -- Beta
  ('user1@example.com','Project Beta','document',
   'Error: UI generation failed due to timeout.');

-- 5) stakeholder_feedback --------------------------------------------------
INSERT INTO agentbased.stakeholder_feedback (
  project_user_email, project_name, stakeholder, feedback
) VALUES
  ('admin@example.com','Project Alpha','Client A',
   'Great code structure, consider adding comments.'),
  ('admin@example.com','Project Gamma','Client B',
   'UI is not responsive on mobile.'),
  ('user1@example.com','Project Beta','Client C',
   'Security scan failed, please address vulnerabilities.');

-- 6) test_results ----------------------------------------------------------
INSERT INTO agentbased.test_results (
  project_user_email, project_name, qa_report, test_coverage
) VALUES
  ('admin@example.com','Project Alpha',
   'Unit tests OK, integration tests OK.', 96.75),
  ('admin@example.com','Project Gamma',
   'Regression suite passed.', 94.20),
  ('user1@example.com','Project Beta',
   'Tests failed: 3 tests failed in module X.', 45.00);

-- 7) security_reports ------------------------------------------------------
INSERT INTO agentbased.security_reports (
  project_user_email, project_name, report, vulnerability_count
) VALUES
  ('admin@example.com','Project Alpha',
   'No critical vulnerabilities detected.', 0),
  ('admin@example.com','Project Gamma',
   'Minor issues fixed automatically.', 2),
  ('user1@example.com','Project Beta',
   'Multiple high-severity vulnerabilities found.', 7);

-- 8) it_consulting_reports -------------------------------------------------
INSERT INTO agentbased.it_consulting_reports (
  project_user_email, project_name, recommendation
) VALUES
  ('admin@example.com','Project Alpha',
   'Migrate to microservices for better scalability.'),
  ('admin@example.com','Project Gamma',
   'Implement CI/CD pipeline for faster releases.'),
  ('user1@example.com','Project Beta',
   'Consider serverless deployment to reduce costs.');

-- 9) dba_designs -----------------------------------------------------------
INSERT INTO agentbased.dba_designs (
  project_user_email, project_name, design_schema
) VALUES
  ('admin@example.com','Project Alpha',
   'CREATE TABLE tetris_score (id SERIAL PRIMARY KEY, score INT, played_at TIMESTAMP);'),
  ('admin@example.com','Project Gamma',
   'CREATE INDEX idx_score_played_at ON tetris_score(played_at);'),
  ('user1@example.com','Project Beta',
   'CREATE TABLE user_activity (id SERIAL PRIMARY KEY, action TEXT, timestamp TIMESTAMP);');

-- 10) system_logs (スキーマに依存しないのでそのまま) -----------------------
INSERT INTO agentbased.system_logs (log_level, message)
VALUES
  ('INFO',  'System startup completed.'),
  ('WARN',  'Database connection slow.'),
  ('ERROR', 'Unhandled exception in module Y');

-- ======================================================================
-- 11. file_attachments (public.file_attachments) – 3 件
-- ======================================================================
INSERT INTO agentbased.file_attachments (
    project_user_email, project_name,
    filename, file_type, file_size, file_data, upload_time
) VALUES
  -- 成功アップロード①
  ('admin@example.com','Project Alpha',
   'design.docx',
   'application/vnd.openxmlformats-officedocument.wordprocessingml.document',
   102400,
   decode('48656C6C6F','hex'),
   NOW()),
  -- 成功アップロード②
  ('admin@example.com', 'Project Gamma', 
    'Project_Gamma.zip', 
    'application/zip', 
    18439, 
    decode('504b03041400000008007c65ff527aa45d268c040000550500001e000000706a696e2d7465747269732f696d616765732f626c6f636b2d302e706e67e554fd53127618ffa2209a22e2cd5c8a72d39bee2435e774d844202c5f5a6a6aa267a712a599282514a486c0cae994b02baf0cb3da725e6d9a644a9c06520a4b2f5ccb192a8606d54a9d709250628efe8e3d779fe7f376f7fcf83464a4252136f96d020020529213331dccfb045717c77e98401d731094b92325dbd53135ae07eb1d1ec2cc4cda01ba35e8379fca12d21e12001291bb9d0a7378b7a3c9794c003c873f01d282f5f477845b583b7359598c62169b5a7908b0d9ec88d28a32268d7af45004a3b244fc6fbc9fe3505f4a22299b53b03435c6c886a147ccd1e4451a0fb627b7871f73cf242a727617fac5c030e7bc840de6c2a8a88fa83ba1835981d8644e9d539747f86742c9a66c71c2a5cddb3f6a74d5646cf415d92f5b8a5fb5a5ff653c1128757b5dbd7ce1ae29ab233360ea0e0cfb77d8f76ae2759eec62e4de78cb1c242c2a01b30da1bbec6b3f4c2f4c94d45b470f6dedeaa2fe89b2e02b06d1f90a7f31732d08575573ca2b662b4e205795fbd20c56da02dd7a60a9d522461a1a140626b55e9f5f386f5b9184475ae88c54a76b16a5a8f357d304cae253f19e42ffb0973ec0ada9f2011de96755ee1b35e607280ba4c2f64dbffd86c676370aa416b238557ebd66d57ced7d65155cbd111c8b16862f08d36fc3896f1a098d47b84c28be41bc1e38736a7a6e747c02c9b3d5d9180f7c8f090a73280124e47c8e42557c9569d7f63cb14de0406a30ce5bdadc8aa33e42b1f067c7dd57773f5f1537a58be1c45268122661d832fa53f03f0774c521b1dbbdf3fbbe4e8841f2383fdb3ebc7d127c2180447911922579fc44fbd5cc6f3e5d30e29b144503c6c4ec1078bbf7760f858f4a1e3d8b53773a8584aeac6f69ae8d69ba8db12e2a67c8e43ec5175af14373683b412d8d8e96a93bed900c3f2572806db8525fd4a2cf57dff7a189d4363d9eab9bb44d1480612c41a5fe23b9927e452d9a2f19e7d55f3ba1abdbd84cbc095dd49ed3a17e5fe18c8c3f86ecde5d0e9fd31b87e3c0314f629bb3d76bf07f939421e3c118bca6a41ca195076865d171fd1aaceadd9ad16d1be12a5a7a7d1db8b8f0a6f28a8e456932933177cfde52b13abc7bca7c336ede40be7a5a00c864a2cc034d68af5906cf3d5c866ad77e80f3ef57f35fbeb4344cbe44f20c7a05b22dbe55079b1e7ca7dd388d510c7e40a2c1ead2580049feaeee47941284a671ec154a840b9cffb4933fc03e2fac3c7c8ad4ce39e0843b1ef69e1fa8a83e886a8b73d6c9ce6305933946b7e5d915db6c93d86468453589a468d2ca9727837246ccef9de3b9d61791a7750b8b7973ab4bc65ad73d747948baea72ae8f687d866b1d0bc2b13def9dec2d850a9de7fcf3cea997f179501a6d48e82fde954100f2f9c92e63ce039a485f7dc7557315de5dc8f85cb900319d193cceb13f972608ca9ebdddd51305e43ca907974b9f7d6b5e837c6becf68d0094db2103dd2b61405edf62623e34582f6e1534faf2b194d8c46668b3703c1f26c273371e05dd639592a123d3100602ada7706b0dfdba4ba8fdf2fddf45cc69254796a26b67fa2dfb42a85488568139b3ac56ddea232c5e6a6ff1b13b97ed4b922162d3461d5f0ea4ec4c4becde5124f80f504b03041400000008009665ff525756255661050000450600001e000000706a696e2d7465747269732f696d616765732f626c6f636b2d312e706e67ed54f95fd20718fe629022682aa5191e695e7990695a2982281e9417e48969a026b444543029498dd2d2d94cc913e751766d1ecba372b5402d5df36a5b1e5b2eafa6788478e3241bfeb63f62efe779def7f3bccff3cbfbcb9b1de0e7a5a6ba4f1500003582379ea49819db54d9a9e81d186ab76280596e844015457155626e28348845f27203eafbf466b64d1ace1707008ff360722a44a1a109de612c00507fb54d50a1953a52b1d4657b84b24f3163d929d4a4b3404a4a0aea5cfc79563435e12c8a99441348d0fb0000728f80c70572223f95769f0f0cd1eb12a648f0cbcdf7837fae170fa6d7bcf5d081c07828b2c55fcd01aabff93ea71ffd7407590cf95a96a6718658636c6911f496d78c2211720fff8ae713a20cf8d96f4c3e5f662d1492974bbc7c629736d3c66eb1fa8fb3cc4716a6d1b1661c69557cfce61aab442080d8323c6ab16e35a4648e5c76cac73799fafe0942a523c566598f646fcf178b65004e6358c43e12597b606f9a8d81cb9f99714fbadd949d9cb1380c36ae9489cf69edefeb9b18efc8ab356ad6f1e6adba5b566c541a15cf3539594f3e645f901cd18d34a6339f0a6321277d7bcdc20dc87598e843b19a03b00ea6ab7fff744909476a29070b96bd1fcc316ee7871e7671c99148221c39575b921c3406a01d4c37e642312ccb7fb8a89f7600e46d8c431da568cd3f06b50c5a42bfcb13a97304d28f6f86f61a7e496d932286b74e0076a3141b3edf7f6a5d4d625850554691091657662273bfd96a8d91411ba0ae5a504ed4fccc46fbeceae03f9db6c44493f1f4ebf9f9e1c16730dc464a63361881f8324c5a2a1c40d6056905da518773b7b60cade5e721d7fdb57d1df22971f3879a6691cfcf21c2effa1189d7c6b5d1a96b88ac2c94ce1e4c5812d95ceb052771c8443618bfa5be1dd0bc369ecad992ebc4d8313caefb17450c5d74ffc089f9b86b65f53273b537eea6d3ebb2023fe66b910803577f52b41b13160c1478dba2b9bd456586751ff4d66fb4f0ecd313a42188b1d037e37c1e787f36b8b467c1acad3f78546bfdc640567f1a5d5cf5b7343c6c9cbfd1c09bbc84935a4d720d867f5c8db64aadc3682b22fbe1488629e6abf78b2f1b3bcc3d608af3c9640cdebd63f3024367a20e013ef83149d7f9566539b6bc1889394800da0d1165f37c2358a606d3706745ef92b536a3cb0ad746cbc81cc3d6343a9ebd677112207ef606a6ffc77f71dbc655e3d59ec5c1f1a6c89969fde6a7d1a87a1d5f96fddb77e09e42ae32110ec70a2076a585a953a6508d2c510ffc8774ac2de6e552704e26558c740452d7f07ce6252789c5d53b108a6c039d20dd2f5d32bde5d7a51f1534d644fbe32767f2e5e39addd50fed5d7ff1fcbdfd8057c6a3839942ed04a5463d0cdcc7afa812d7a664cb4d5aa137ef1a78871f8a5aad067a264557e87ba6921fed3601467337e5d90891f8617b0378cb0af4f40ac93434187809ed7e744a244d60ab681682dc2bbfbdd9172d0fcf019f541585f50b2a306a70b885fcc4351a90b6ef18dba22083dfb2575bbf4fdafaaed205b6b20a421eedd4bf335105466b2c713b4772f2296dd52fa0b4cd8d6557ffbcf6869dc7c2ba3a33a2bb8c41aa856337a904990e0a8888706530468c2c0da61ced94cad161cfc04cf8789c900d158b81d9d9094fa2438052c51039fcee32d27c85f4c20cd821e4ead29921b201b879623a3661caa7d9c1da0cb4190915891a4e8324a3cab373939ec49600de87c8b191567a904c08ee91ad7d0a05224f0bd5479e3f900e21d0c2e4941d0c46be46b6c292448c0dda20aaaa41cf12773c632953226a0f59e068e6098b51813459b938a4c1f3a272575eb464cab7eaf1e1b4ccd062e9ba40df39a3a888fefd03151c20871d37a2cf9daebf9fa6f8ea00c1c30f5fef46e1fd0b504b0304140000000800d165ff52d2698cebf1020000cc0300001e000000706a696e2d7465747269732f696d616765732f626c6f636b2d322e706e67eb0cf073e7e592e2626060e0f5f4700902d20d20ccc106240fdb259e06522cc54e9e211c4050c391d201e4331607b93b31ac3b27f3122499eee8ebc8c0b0b19ffb4f222b90cf59e01159ccc0c077048419a76af3490305254b5c234a82f3d34aca138b5219cacbcbf532f3b28b93130b52f5f28bd267bfb391626060d6f174710ca9887b7bcb3a4f3851a4ede1e77e6121971d2222261d4d6b1728dc6058c3d059baa1b164a2c60a6747c776015d51698f890a172f3618b03c54b839b9984d5ab54bdf78bfea69e3fbbf7b6a666e2c9ab8cf3c6fce9757f79e1795ff5fb7346ed3c5fb97162cbce153764b3eeae3dfd307f8e4e4232d75d6ee98744c7ff1e9a43f9b74de9e9d9cac6db6c6c05e954970f2c7787bab4f4fffdae87deb7038f4f3e3d9ef7d775733300996dcdef271f5ebab7f25044b2eaff978b81524747acfc7c34b418cc38b3e1ebe02646c899efbf1f0191023f8eec7c377400cefc91f0f1f02319c2f7f745e0b64acd93ee7a3f35b1063f99d8fce8b418ce9a9c7f833cff36db66396bb75a23e66d3f2f7ef6e7f7b7b2859627fc3544fdbcd97f395ad2b2adea49f3dce7f93b165a1bceded8db9bb5fdad799eceb0af5b4fb71e0d7be439def1f98a644683548fc5d75f7c3edd2fa73f693d7447d7adcfff7d3edf35a6d3295f1ade714180a5914fa188e0836583009b8333ce2709061ec501ec6823bb6a4b73ffd5199bc547efb9bbeb73f6abf993b6e7bb2fdfeb5edf2dfbede6fe5b9c9a852ffb9e376f5eded8d737f18dff3095bbb6562ee4dd3db5b9f5ffd79a2ed6ab27024a3cfb1ff09faabe317a54b3f0edf9035f9a2fc8dcdaf3666b2f4fecf91acdf2bb2cfa1c3f6d0933debdc180dfe5545a935dd02d1a77b178431f4dce7b314d4e169f8787b69264b3173c29fb22ca183671824f6df7de56660ca70ec7d9b95600c57c3c7dda9812ce24c097ff266891ffc0f94be9de61ac07ae087d432d700113bb3c7af2de41dbb1eb7d6ead8df8c3e262e3c5f2aefd6b4b98c13c34c2e6749842602331783a7ab9fcb3aa7842600504b03041400000008000966ff52a9716c5660040000350500001e000000706a696e2d7465747269732f696d616765732f626c6f636b2d332e706e67e554f9339b7918ffaa20ce50570862566becda62d79271461c0d9b59d451adb359d411a4232a2a4486b6b4a458ab1415ddd55a6c1d455beb7827a3628d36d86e3bca6a54748bd6910a095eb1afbf639f99e7fc3cd73c3f3c378203c9da1aa61a0000ed007fdf1044738e18ad8ac8114fea04a2500cef8030344279e88412c457628490bd4187d06ce5084c22fd4002a0bb5c13a6aa20befa25fff30c00749e1db152b5ad0e0e099a64f99dcb0aa55fcc625233130193c9b44bc9a031e2a99712ede89949f5ebeea648a3ea005f52584eecda1b0a2d4c0d2b90c84e2495a510b84fbeb83c4d9fa22f3cf8d90e358a3efef735b6267fa0f6eb79e35cfa4a88afdf7485ef40326d25315c3775ce6b5498501b5df7dddd848c7cde9299d9f3138e49210d8e5beec49c77cf674e2f6fe1b94e580be16b6163fecbccfe47eae5e66ec7eaebdbcf89b8b82b38dcc49be17caad4e7af8f0eecfee89ecaca96d749b7bbeb095bceae6d68ec05b8babacedc55da0eadfa808aeea8279fb3d722853bebe1a8210db171a9935b1e56ac463356012603f938bd044312c6148b4ebbd29f4abe3588c5af1ee394cdf78776b5471892ecf9720a25dc2d57da0ae57ee3396800ae66cb32f81dd1e3b38d1e379be6a8f0e8689b36866e863745817bf303115d13357aa402696316ae8c488ceb8b1f332dc7d41f41505c17a5c6804498edd717477c924b5e8c159f3ac699b270afed2b35ee79cc62422a5ce87ab396c0dec0414157a46e49ee0500dd59b9fcf798a7157d310306a4592a9c379c666585541a2195d6d617d7e05d282dd95fafd950c0bbf3e5dc0d7d68bffd5fb14fa99257725515e3a6e57d5535e589f7df677f4ef828f6290496bdadad2e6ecc40bd667541816230a125f0e05d67241e0ff3f2424a1bf56de6f8453ecece8f4546465f9da5896dff3c54863e1159671fbd6ca92ac7a4ab8292056d9cf93c7df447a7dca0d8fb0e5a69b9b9af840d777622c6c78ad351e024a4ccde3bd9e4b8e9261f14654a1bfe7156fe4d3ed4a7b031e704c185a29fe2584abd327ac064305832002e2a5e814a15a1ff2fd3ce81851c7a2e789bc53a38e30a78a2f3d0eeb24b7f3a8ac3d355824d3c26da8b5754611df9c305eeb3592d5024dbcf7f4fd01fba2d44eeb821bb25faf6ad7f33172c4a2069d4e6847cb7a652879f77b837f4a1c6bdf02a3e86cbf3946f109709ebb21e118dfd90a2ebe5ae306617eca7c0d212abdacdfdf1ce6d74a496a5c52103f283a682c42d14965eef5152129bc236250e75695e27a388a727a368c7011b2b6b151191e8c122dafaa08edce5072472f992d88dc21579ac5ac9f91b972181b3baa5059e97c715dd5d443f80876534335211b21d5132c2b37762cbdaca17ba450274ac0632321efa8527d860cf604688d2392c29066c8b3bf752e0b767f07ce6f4d61f369c1cb81c76f054ccb448581433be1544fff543df2bb18428b5dd45d20cc99b7d22026d5221b477eac1c02a8a5463b1a61a1c34c43cf5947dd0adc6d9d871f2e485ef635e34ad12b2b42845c81703017e81be1dde170aff03504b03041400000008004c66ff52bbf9d558c10200009f0300001e000000706a696e2d7465747269732f696d616765732f626c6f636b2d342e706e67eb0cf073e7e592e2626060e0f5f4700902d20d20ccc106240fdb259e06522cc54e9e211c4050c391d201e4331607b93b31ac3b27f3122499eee8ebc8c0b0b19ffb4f222b90cf59e01159ccc0c077048419a76af3490305254b5c234a82f3d34aca138b5219cacbcbf532f3b28b93130b52f5f28bd267bfb391626060faefe9e2185211f7f69a6d7670a24cdb47ebcccbd7c20e3abe5678b1c4a273f2821dbf58bf1cdea1a5d7c4f757a66b5daca88c9652d92485d8120169d6e9415bf43b7faa1ff7babd674e31d34bcbe7fbea043e3d69d4d9b9bee58a59f8fbf269f97617ee7d5bf620b9ec6353d4fbf92beffdfa11b4b6dcbf4afcc305f9ff2ba3e4e7adbe173125eaf5fa8e0347fe7f8c5fb151e5eae3491c3632b2f65f98385c02729b8ff1b333b228ad5896f8b8dd19c49816f8b83d19c4682b7cdcde0864686c3779dcbe10c458bee571fb441063bacee3f68d2046fb9ac7ed2120c6369bc7ed57408c657b1eb7fb8018d33c8ff16f7dd66575d272f2dddccc9fc76ce7eeff1bf1f6eeda27629743deebfd4b7e1bf8eea3f33b8643e7e45f7e8accdc3f37266155daaefdf7e3eb3c8bb94fbaf209b30a1c8eb77267505765faf16bf3ff39d759f25d45051a2c990cdc199e711c90619ca1cc50cc92d0c7704670180bc6acddb9c8afe8dc9ab8c9eb62dec8ddfa7b7dc6a677d7cb1fcfde627ff0f97ceb86a595996f376fd9a577d67c92b7cfd573f34abeef2a793e6bcb57eb9d6734c219fe1fabffeb6955acb5f34867c743e5863d8229fff80ffc385a54e55875fb8dfda339a1cb1824f6cf50eb542865e889cfa954f61065783cdd791ec731b6033f9e4e326d9ac868506799da99900194cecb54969060781cee3c8ba38ff5c08fab467a4dce4069d3deae070a0cc7d66f4b14fcc29450c3dfacb4c278dff4c58267eeec5ad59e2f71ffd49d355b3edafa5d8a37ffaafecce4ddd308607e61f074f57359e794d00400504b03041400000008006666ff5266459b3c8a020000700300001e000000706a696e2d7465747269732f696d616765732f626c6f636b2d352e706e67eb0cf073e7e592e2626060e0f5f4700902d20d20ccc106240fdb259e06522cc54e9e211c4050c391d201e4331607b93b31ac3b27f3122499eee8ebc8c0b0b19ffb4f222b90cf59e01159ccc0c077048419a76af3490305254b5c234a82f3d34aca138b5219cacbcbf532f3b28b93130b52f5f28bd267bfb391626060bae0e9e2185211f7f6a6ad9f74a288dbc3ece7eb153499638352c533373346f0982e726c9adab0c077b687e626962e13cfe34b962a299e2bcf5566f9919e36a127fd5ce512edfee5b5fe89279be776cfbdf8ee595ecc9fbd1c8539b6f7bb16bfd2685b7e35532684fdb178d289b5fcab0f5baceb4b96d0573ab7ca58b96187e4ff25569d77ea2ceab25938be1ff79fcc3049f0cbad351f2fe7329ce4a8cabcf7e3651e88917af1c7cb441023f1e68fcc3220c36aedb91f997520c6ca773f320b418ca5277f645682180b5ffe581907645c8b9afd31f82fd0c0354bb73d5e9ec6a8a21ca1dd2f69cffbc8c6edf2f3b47f2e39f979c7ffddfebbe34fb965edcad05b127947eebddf7bedf1f26f8c4b5617bd3f1ddbbf3ff3eabca9bf23df3dfd11adddcfadd05e6ffef7caab5486fdcbe6eb9afee75d1067c860c1dc603cdc09e923953dcbce9f4db59357ebaf52b23f15eb2f773b43fe80dbcef74feda6574fd5df5214fed46eeaef887746f126d7f51a667fdc3fa57ab2fe9794a21f3c0b5259ced6335bfcabaa8c7d77fbcba79d0bd318819c2a1796afcc057fbe5e336aaa62b4a833dfd29150c9d0775f97573942a6e171797033c733f6073fee861937dd044adb5fe978900894d6f756da21ddf0f8fbe5268e3ca0eebad9c20755188ea7cf103c78e163e23b57838ec71247af7f3afa31f2d87f25b73fec57c36e96cc6b4ffa0acc000c9eae7e2eeb9c129a00504b03041400000008008466ff52d600b790860200006e0300001e000000706a696e2d7465747269732f696d616765732f626c6f636b2d362e706e67eb0cf073e7e592e2626060e0f5f4700902d20d20ccc106240fdb259e06522cc54e9e211c4050c391d201e4331607b93b31ac3b27f3122499eee8ebc8c0b0b19ffb4f222b90cf59e01159ccc0c077048419a76af3490305254b5c234a82f3d34aca138b5219cacbcbf532f3b28b93130b52f5f28bd267bfb3916260603ae7e9e2185211f7f6a66d9e70a084dbc3eccfe1125e93f8b4ca1c4fb34d3abaa4ef928b57d8238dcccb4d2e0785822e38a45fdec5c5526c7f3bc2ebd1fc99d9273f9eb1ecff72f271e6fde088a2f4820a8b7bd6565ef56ccd2a7dcf7fffceaca89bb7ebf0e9d32636b673f7081c4ef9b379b3c99befc1df5deb0cf7ec3262eaf8f9435c5c73dbfb63deca091516753358047a16dc15eb957fc6c8a29cb13cf5717b3588313df471bb3b88d15efab8bd15c4d8a6f5b87d2988b16cd5e3f6a920c634abc7ed5b418cb65d8fdbbd808c1bb9aa8fdb4f8118be4b1fb7478118bab37be4adcc357bd3cf6ffd736e7b79c1847bf3e62cd9bff8e297a5db56dd7ebd34fef8f1a38fdb1f311ccaddf7fde73bb5fb5b72cf7ffa7be27bd1a7b567dc188f7c789f36ffd63e8e07cfdf6c0e797b9f214b9cb9c198c162b8133bcef97a3dbe599c1b78befde5e27927bed7945f3eae7494f1cba7dad3e573df87eeb970edeeb3df53de27ef0bdca3112072e0ff47fbe7d5c2fa5f52927e702c3069bab59f51a67efb9e73df4bcb3ec684af6590a937cf15727c0aa4b74f750bd064389edf3689e31adb831f6783cc9ba6325ad4195fed4cc864e8bb9f13aa1c21d1f078bbf3540e39d6073fde6ed26baa064a5bafed4a90030adfdec4a1c66861777811c7aebef39f0c9afcec977e9cfee7c10f9dcbf582c1bfd83556dc2cb13da2ed0f4cfe0c9eae7e2eeb9c129a00504b03041400000008001267ff5221faf458961a00009f1b00001c000000706a696e2d7465747269732f696d616765732f686f77746f2e706e677d9905501c6b97b071861034c19d002138093210203030b80467d0e02e830597649081c183840c10dc65b0e0247870091a748060c11d022cf7eed6eefdff6fbfedaa96f7ad73babaaaab9ff3bca7e1afd515881ed03ec0c0c020525294d3c2c0c054bfbf4602f0ee8fa4e3a0cbfb13a687960208a362987eeb7e80632ba3268381818a23fc638e7b3f267053847860601077feb563f6ba16596160d00929c9c9e8f898ee668ca8d05ddef566056d65a17e1b0e46261ba7480a5fa65437e0e7da7940f8f315f3d5d255b439b50cfd36b39d20796689a64e7f1e477f30fdddad97ee53d487ee91e4cd521945cba5f7dfd2100699ed5f260caa7208e6c295b68f595cd3cfad8e86075d8e0677a6071d9715315860f129974c3b6620000b2f68850d161ff21a48c0c2c6fc581d04200084259182b0fe39ddfa14b9ce93838d4dad48f9ba5ee4bbfc0742dcc70f8e5c1b451e9c8938f2bfea9fe5c4cb51b2b27e95849538c699f3bd4c429ce54c9098cdc834371ec10a91c42309cb2b63df01d7a88d84918ed3213f6398e2703787d49938ce71e542070b2d019089704ecdf13df3a709bd9a7c36ce8f5174695f13853d92a46f39f1fd3544adad7269f776e5e2c7a2154b45bf4cc7597da69ae8658ae39f3aac6d0a07587a5a10bc3c1260dda863dd58f78bd9177b04f2a364477e1b8d7b4ec689221261a5f1b526dcfc981b39f72ae18b08e7910281e3a78a9da93ea3de84785bba3795eb3efb01a0563c858a756c4b068dd28dbcaab8eefdd6c0918fa4e3a5c83eb45039f0fe397b21b6eb58d5848e33600215956a1fb677723e7887974216d9491064d81a46d7a8b61fce447ccd343c729d4a7e66a634f3a2a5ac70f1c5954e6c4f1cc36f830da684d593a7885ef008f4bb180755883171661d5d3955cfa0f270ed070296d6f72c59a19bf1dd5b557d0e4fdc3f141ba69d55799fbb888a4ef73d2d1376a02c76761661da968c69552b3deaca85b3cf1fcd9da148417ef0ccb793a7aa5d352980c4acbea679e3420108965e604c7ad6d7c97ac0def6807ff19d69429726c7d2f2c266c9a371fd1305b144f7e3e4be68071a583891a851e3728e3829cbdbcf2002d32fa6c656c901090af096cec0454837e8393ccfd2ea5341ddc0ccf9f9c2a7cf2c5249d256b604e71c42729fda3159f24836cd57e645fb633c1d0b4ac9d976a044ba2956fbe6b996facfacd8305127aafdd7361282095f2c32445e1a181abac798ecbb1319f8d18275928527895c3f6a03509ec460c9f791f413abb52e29b262bd65cfb60dd2dd5c45e577d83560f12f3aaa25b04765f44da6e38e3eca0d11a54eafed189ff669b2ad2c7074aefcfaf5e2a8691b3a57d13467e1a1a5df1a36b38672acaf0a77148a4e260735c9ec1b20e57973c3e1fe36adb9d5d4c7dc9d334b19321c590a8bb4349a1919f90c6385732296cdd5af63c298294d9ba406181db2c34f800f1c6d005f89198011d59c3119b4d9db66ba9ac10fc536767e1fbc2f59f174a924d6b0c9241d0f5c1ba0895787204bf85e403fa078d53bdf3db4c8f07d31ca183d11d6eab2c699a0d8205fc3539f411d75b16b657b489761fb1ee77560b552d99e84b32ac8ef2323b97a74388d4dd67972206de56c94db545cd3973aa8f57a605558cd372c6faf1023cfddd5a2f2591d24018ba44cb0d5a4ee4a83aea72b65a402734a7182ea98ced15a1edc8129f5e77994c275a2a22ff5f7c1eba6616bee05469a4944f0c28743e8a48fb00d070326f6cf538dae52c71e779be4afc392444a3661802d253f63e040cf9060ce1c4e8a376b7f5a673fe2f4871571539a6dc9a02d884ec0756e2c5439abba69789e5c4d0ce37120ff2a2a8c0c40722d6166205059ab2ce16d8cab23ef3dc493ae8ce8e70be3a99657fac15396bff63694c60be4476eed8d97ab5dd1c4e7e29097a2a9cfe72aecc25951766af173bddcafaba9a1b98dcf97b0c26fc2d23dcb566e71b4b5722918bffdbc64d796d1635540c64b6eadfd7dabf7a9dcfdc7d04100abf1f851415efd48b2693347a1a2a5c3fe8da9f75601dc6deeb07fb5cb78777a2d8ae925a33d9347ceb7200b9a01f1ba73adcae848202dc1335df1e4910192f7e2f88ef8d8a7ef477dd4408ae76fccbceea9a618cc160160c98bf8ec460e5294e644c248c9491f3c6581e1c03a94002c98d97f4fa7a73c294ea98391ba671e26f559861d2f05bf3bc3e4e81a0adb970f7c15003b1157c6be916af69cfc3f58b94b365cfeb4e1687b341d27cf3db2a3549453a7ac117c39e995578f550199ed89c69f5ee8754fb77c0223659a6345ae6333ac64ef974308751697fb85c9803454e3c118edc660a7513f75160bd123b9db0503f9ed6f8f1c5b64168816c19e0346ca3c607aebf21f4fdfa0cfbfccb4512c1bf47d01b3c043edea6f6b408a74f6d16edbe26e5b39c2f661dfe86682f8b1ce6f895de21e46d94dc12aca78ba6204ff5c8f18f1dcde76d1af4a13bcdf3b6bb3302990bac16478f58655180731ff0d5dce5de88aa97af5c9809e6087852583d50d33e072f2d1bc3155bee7c1f4d21d6ed015596a7923d34ab12dab93a9caebae7d4c39facabe5559143d938546f37b95e79f8aa23ecf15bebb6e5f728bcc71df4f3dccf6a316bf3da661edf0cead65512d7449d32b2347bf1733cc365973225c1ee893b70d4dce195b2a36e61b20b956282bc73c446ab40782d2478b30da88f489e155268fccfdf71fd7db00c11a0a4a38fc65381a742f78e4b1add50accd0e3add0dfd6c40237b74ac7242dee3754f828674095d2ca37af3f1c8eb27237fc914577562ee7546ee34ae2fc486b32c5f5cb80aedb393e3d15951919b9db0e408402591c89ec84100c74a2a02820fe14693196df95f3124e5d8c33daf78868e7ee0761aefbacab4df841530273a9dc289ae30c01ef45ffa0efcd8d2541efdd3949159cfa9e09510cbb534224634e94d464269b7cbd7571dc0bb8e22f1a422083a29b8aca8a3b42e4c3dabd4042baaff966eaac72117d3bb42e6654b3a536adbad5bdaa2712bdf4a61acecb369d081ff0bc1f992205b65acc6a75149456704c1072505a171750493c6f1e26adc433ae795f6c73083b9f52a98139632c509148f74e4bc1ce92876ab158cd7b77fbb0da246d43245a2b38556eab90e9fe3dd1060d497d33b19d32363778c7eaceda323183d31371602e3b7ff403f9912771837f7e146cb0db906f5144b9a3b3e77b253d1f200cbdbfc3edaafaa4b33e5f73a69f635bfbc4159bad7c6b77f1d5ba639ac0cf7efc27f7657a0f98cfcb2c5615de20c5cf844fb1340f2ed6799e950e3934c8e1e228f918b86fc49e186aaafa853a9df54655c1d82b99b3ff0efdb85bb6a5a1fee16e439a9557bb60c0ebefd93ab8fc6df35f4d54461f8a065a0e52d408cd3b6d88900dff282c2d50d98b82fa91abc7ae6a66876ec8ba3e43da22da4bf9d01f33ba27167a3919b9614355ab9fc4cfcea7ab9a0d1399d4dfd8dae227c8e1c51945b996a0d9fb998b0bb12bae4432772c4f53ac083f984976353f43f1943772693c071f8f5691ba322256eab48592a96d42142a9ca5ed174a8e8de7bf9a6599a5c731b508b50139cc504ff54a266cd85b41f7a58a8cfb30d08a70aa20e9b5c1d7df1d5867eb2b076b12bfba9df52b9a33e1ccf4958dfb43d976896f900640421211e8b375caea94a2c8e58ab8d53a51995c1e451471b2516be00efe1a585a5b3e403bf9d9777f78f37eb50ac2f035c5c4490f70fdb4feab8b738e90d7e461dde8bbc94f89b18fa2325805f322d7bb2c86bed30a76e9044cccd1d3125bdaef0a45a92a5aaaaf957053dd5cc69b9555e9ea2ff46ce94d5bda2c84fe74dd5ed8399aa293580256d92c965d51ef711f9ed247732f2a0d236aca576b05aa774b9049284577f7b95f25dc82cdf0c6b32e026e8a08a3dd9e488f0a4783bb89571c345797e1d6e6533cc3d7c582aa8eb2bf888d06f6dc4242f162727ca5006a1678cd4749ca8ad7044ed014ee08004daa62549dcf108d8690bd0f4502e013f76cee016545295d5080618feb8e78c77926fc8d08178356caae6c4b8d0da9ca0b9e7762924280dd9cb2d3ee4a3c1d06d77850e0385f9305f4c1bd414da11580ba7b70a4232d0459c81ff28a48770506585169a1a3e97d72adf5fd9185cd1a5868b79a3d396624cd5bc143902323c7a843a9cf7e4b6d856d03ebc1d32d7d5a025ba3bd583900cb06c1bf80fd1fbc5f9b71670301c4462e94d876804abde60cf7a906bdf7a1ceeffef7843ce78ee2bd8adb1c0bb5779ff7be5d6e133dc89c2ea1e328aca7adc37309d9aee3eb8576cf6a192ce85598479bdfd704f54fb063d2ab0d8cb7fafae72b2d1c584f57415724cba9a57bfe6e5133c529343355e9289ad598b1e8d1b048175f1578fe6cb4e42941da6bc988961b44df65767c97b490d11d84252fa65601c81dbcbcd067101d188e933b960e98bf7ed920f9dcee4cf3cb6b51563de790bb9b0de772e11ee0eb8ecfd7c3bbff40b9d5bc79d0e114c5e2c24dcba3e827e6926c79da387c21fa7c97ae59e5f0a1a5bb6eb30bb2d4e0ea5f411775c36ec28eda0b3cff1fbdcf1816883ef8b7234826c39f67da385377d4063ef565efc2f7a80535f7cd527e4d4d106eae65e1654a736f7c6872175927cc9ca9f2e51e1a91ff456ddc5da7adc7920cec642d55e412ce8355d4441f843f06c155ce7b50a9625f4fa08efefe5404baa1e7917e3edb1f5b48c0273c5b2d6e2960e6f50936acc6f6fae8c971726fd28476818e15cdaed5ce51a1f2b0db6d58c316d2ed2a52af346d3758b8ec4e9b1f21bfffb929dc915887d50efac8bfa7eb27a34f05476cb5fa033d6e4bc32c93951f1d903ed6d27c22c26ae25ca28312c09aaa2ef32114b3264d61ec1c1756abfe6445c21aa15d36748217a4864ba5763ad752b172e695d0ea3065c4ee3f2837e231b872fa03cf45643052bfab9c2ad4b3165fc432c7b27a59df91e9d294a181ae2b3c82333d50812766258c330792f541e35f90ecf45055bc778b479dac91902bc103cb71a21607bc261262ef84b52a7b51c5e2e2eb30ac4a595ce7bac95ae63daf25a813edc5a5221ac8ecd2960ee45587de69461772a59a68b4769b702f42eaa4be7f5cb185964cb53e52996203c0254e90803ce1d3c290b5afb4e8ab96007a9d000faafcc4c93e3f9b6e4b78495a51b8ffcba95a0a569acdee13c15ee936dcb9fd12ba0ef692f32f122ee98f692bebb6cb2d7ac1bd0732ec115a142d17eed86f79655e18fd896d5c089e2da8de9d743eba2dd6d0574b9da7e03b6043d21fea53d0fa489da474f8f6d43ee98128ca1f7a9e08ea8d9b8ed5fe37869ffbddecfffecd9cd8b70c553954b3feae85a724b94ba13e30e79f07db37c43da7eb66498ebc94a8c4f9cd91697e3da51fd1f78cb81b1410b954fbd267978b576bc7a929498e1782dc3b2f74f38ea8ef020ac23d0737b4f514599b38c2ad2462cdc914d51ab7ab1b913116e606c61753cf536017e38a40ec5ee080518a9d8dd1508e7f91d3ea659341f6224e4c3573b7b88ecbe95939533c15d54beb2e51dd8fe31c7cbe4b2345b8ba826aae086d5357c2c3290e656d7d06acb29571f00ecb1693857df0984e973be72ff7a38087822a4214d92b0229530fa610f167e40640592afc43434850b929fb9af5c103ca1b1e1db20e30643a128cf69fa7c06c898bb02897e85a6c686d0d273fd8d60547d35dec1c0fccfd99ac079ab136d02c27c87e4e7ea9304c30c7c99a1fd849f0346f0167a424fa40f86297443ddfa22bf78f001ab9433b7577f2b65cf655f4282da5cd10ba258bb6b356c46aafaa0ef156db83b114f8d53a3baf9de02f122f6bb06fe11496adcecb6f37b329bfbab11b6a2d421f475ccc57514e7cfca1792cfb588a77f58b17c38aff889c005d327171dec85f18a61e23a5fc8664a485796b4e5da1f5b1b7995cd9330a8f710f6e8b066f0cff4442d5dd2de63ed197b823a9198e0374812ca00bf27df99ec3be369d23581a8d2f99dacba4caea439a893d3bbe9e3c6d4f152081182f03b93a2836a243e92a59be6336b3f90919a84fecdfd0f43fa92c564f0f27050dbf0822ff2eae3e0ebde7ef15c514f43ef4d3bff1f3ad36b7127fb736bff7a0ee74a3a25be9e272f9f250bacf7ee5af1a62b987533ab6ebdd898c1e262de6229c9e0fbcfc9294c9f1462c71fbee98745fca688219d86c421b332582180a36a7dfb9d72e95377464cd05e5a1ce729e03666daceda867bd794f24bcf0cf4dd41671d891f81e33676740565bf92a7736762493e0c797e6d70b20726c0d85d9b6d4da30f975c5ddd25589046967ff26e3395156a902e12a50d9c08fc207051115a0e60b7c17f17db67d58c7acd7b00e5057e37453ead733641ed1890c4361b54de5eae537ea200ad99a5f257069dab79e6fa3721c5028824dfc8b2a146263d1c69964db24d8dd7454204a37a0564a7add9d260c44a904bd9b3d4eac8de633407215342248e4450919d8a1d79d254c4d22e16068cd3fe1ea76ae7ddef9b3599133127057007a105cdaa6f00a7da4f1ebece0c70b5f26c32c5ba50ddee16a40deb6c515d9b563b3012faf393ed925e1137a46b084d443b509d2076378ecdf808ff46f40f2bdd6be457ed7f37797d796af2eb830858ee43aaf5e9d76d835fcf6229aa62ffa2f1d8ebd8b545cd4c32a1bfde580e6dcc93be8fafd41e94b2bb7a70e70002267ab0f66b62dc182c711a6754b44d93f601763b0459798513aba5cb74672a4408fe71eb5d8a553bc92339d76bb6eea3315de09b403fc4a7644575b1257168ab8d598cbb7bc93648f8f3dfb6ad3bcfc3f3a4c64d129fb78c835ea356db7059918d99c018f8d4172f677cd37a931a14a1b9bd2086d9ea1acacc89061999f3e91dc24f50c87caf84603337454099dd442813461e5a28a9206e1419a3c1de7ae284ef4cb2339987aa6470f5f8663f254f986b1e0706a85e96e5340309f492dc75a0029adbc8f3d519843c00bb89d90436cd9f90427a58be7d72a1e4346cd14958cb7e269f4578ca8a5255a68af5fc41629fff3afb5ee5961060e8ac85dbaf0eea2fec487a51e960fef6e9f603918243cef01730a6e1a724bacdb42176566fc4c5be36e21ef6deae8ce0cb3d68ca4bb4593a529e387381284708e9ea5aced6f7528f806511f1fa3eba3751d10e2e792304f4dd179540afe8bb38dcc0aabc9814a467446a4a97085980ff65b223249a1447151921e09c889739e9c1d936f7f4cec1760bb0589ac9bdefb44574407960d1565153f49c4d30d415782bcffd6d787f7fadaeaa6577f1810485fd94a901ed5b03ddda5ab014ff6fb87b73aa3b5a692a4c9510b41ae905cbee8895a77a27a11cdf4a6ed0b433bcf9fedc216628f3dc4f2c0cc965c6df6cec44411a8da1e2cb6719a6153207ee59b317e6d3e500327c867daadb4bdd784ecebb54f24e192e4dfc4949f8d8473114e3842fb7df2d12536c0bf60e94571c0d6aad4c8bc57ffd2dd80f2fc674db157ada69cf235029c183b4aa1dfaa9c8f565e030af6274cddcbc0e5140ffb11e9d52c022ecefbffcaab0cefa2921f22de0061202dd418b230ce4799a8f9f119f7b89f1467b6d2e01baa3fc56c199f9b3bb6ba1b5614cae9951ad18266d98f1cb5ce34af692c0f31cccbb16ea21557f945dd82ed26ca30bdc2b0eb0f575eac6648c6342c70e7b2f3ecf2640b35bd339e28658c7d025b3920df2c4f521f5d709c2cd5ff230d3b605f8c41ac6a6ecb63a39c888e0ddf7ac10b28885ff7260bee12eba6b55fbcd8018ea4d7b4ea65c49f650b8deed7fc945a61cbc3fc064b8a5fcc4e703b4b295507b00462fc4b87e11f8d07772731721618d2f60f5ba217326fb52a36e984bb6cf53e5444e67f4f18f75ad1910c37d5292360819d607e1b48d071fd7c22dff9f2cb75eecab453e0356118b9faa46dd1d9bc88d6f43c6f907387f64815f55a5056ded34d3f312d16f86617b9f7bd50dcfcc8d68af55fdeb20b66381695cf75cf7b4450e87b6cfeb6f7bb4d43b7e6c27a200d5359265efe48e9d73ed5bafc7df649b3be425dbc2db3266e641ddd93016c9e871beabeb697357921569e4cc78f872bc664bd904b4fbc07b629d856c7fae22e84753f690b8d50ad3bfdb8701361f80e32133271bc6bb4a3eee69232e417b8eeb54d50b5016b29898ad5754382f2d34be0749216aa44ca595eb0fdc9f4b2c9c6d564e71683f9ae4c094f08728edee4d0353ec90869c1fb57ab8175bc3ccd384525568e91db424fcf6cfc51855fe9861665a80e03e49545b0335529bb988bdc1a3fc2cde7f1e18580909a63b6be843dbe32f64b2b2857421904e1e0b4745c2f77ec9d5af646039ef7dba806d86b555c39750c8b8459d9a2c46bc69beca47019072202ac4f9ed5dad5dbcc162fee54df1445f3b9aa6c680db372a19baa0e34393ad39059bdfdaa5864be26a83459be54791e8e5780c743151375657ef681b39ba1b73f37eed00b39db112e1cb00f5e7eebe9934c0bc283bbb836cb23f8acb09ad21706f66061e7b1c750cd9581d74d809b433e1bfc9cbeb377714bdb8db071d67870aa74388742a88988d89e70130772e55965b76fafdbb4657bbbf01c167f6c7483a15eb1d8e06ee15688d2158eb5afda07811af7963083b3c8023545c8c72bcbdfc3c4cce9ce94fa3a7cb51a3cd5b36e8635bd64cbc60104444f5a6ac341c26dcf36e862d273f7f4b33b3740259eadb135647fb5b2587a5e8e3028dbd5facfa00ad49e51552d3f49d70509ae458933ee734d4b3e435b3abf2503199e6942cb52144af982e33d045f1faab1c7e35ad528b111850644b15ffa3b34ee1fa3dbb84b7f507b513ae18f8435d845bba53c67fc32b76db98890af68face72b4435b10b336ce62ca49b530a3de66fd7047d3a81bc1676687a2ec9e3e4395d05377cc480b95c248079e4d33f8947cf76b83ec9ea9282c7b683ea61468ae0a09f4054a88c5f9aa309faae2acf8941eaaf52f434653cafc82fab4e56bd9410068259df524c385d4463945f26905fda0f9279af3b6b58bb22603c87788ea878ebeca4852bdf6eb5f67853ebf8713b3a87527c4a2177c50efeb900c402ab295d03a60ec5521c6e92719fbcf4bb65fb8710ff81979e8f2151fbcc5fc435aa02d4a7a8da634bd169edbd78845f129f28fab0207c2ca1a7e1ed1a4f9222e6bdb3f175d293a7b156c547ede9a69e44c5d2ab2ca310a9c3a89776b2a0e566ffcc59a382b5694c37133a0bf89ff69c6c80c6ceff05ecf9609cd8facc71579df7b8c0e67cc0528bbd9a0d08fa67770c503f9b8b66a42562c3bc9f3166af58177e73407137153e1ab973baecb77b74e32c06ef6f6f83128844d9be287192d5392c22be9e60b49d0fb6ddab3077bededdfcc16a4729b538d83e81e27621b44339d8eade72ce1055a41450a8cc570f0c072e5625b249cc83c33fb2c37f2bf84edef65f8c8df2a57f97ffe59a237fa7ba94ef30aeec4752f7ba0edecbf70f7ef7cf11fd380e53bccf70f9994ab5ebb8d60dc6f4a6075b90ad09b77ff01504b03041400000008006873315243bc6269c00000009c0200001d000000706a696e2d7465747269732f696d616765732f73616d706c652e706e67eb0cf073e7e592e2626060e0f5f4700902d20d20ccc104247d62becd01528cc541ee4e0cebcec9bc047258d21d7d1d191836f673ff496405f2390b3c228b1918f80e8330e3f1fc15290c0c4c869e2e8e2115716f2f6ecc646610397281e7d1a50986c61bd33b766bb7782fbecf718fe5d2f9d71fcf2c6493c93eb01199f86df3e0ff7bf3fbad872e337072f933ab68d8f04e58f0c1c4a16954607808d4c809f832f7993e884022fc6ce7e5337e2cb2df13c7280e4c510c9eae7e2eeb9c129a00504b03041400000008002570ff52319bcfd058020000b305000016000000706a696e2d7465747269732f696e6465782e68746d6c9554cd8ed33010beafb4ef60b25a09a44d9396ee76954d7a017a85c372e0e8c4d3c490d8913d4dbba0bd500921ed9d5740e20d789e8a036f8193f4c74df747e4127bbe99f93ce3f91c3e7bfdf6d5f587776f4886453e3e3e0aeb3fc9a948230784632c84841950d6acea2f2c00294932aa3460e4bcbf9eb8974e0715b480c8a938cc4ba9d021891408c278cf39c32c6250f104dc667346b8e0c869eeea84e610f57bbe950d39e6305e2dbfad96df57cb5fabafbf43afb56d5d34de585b424e6a32ca05a82f3b2321a5d486468a8028c829f20aae6cb8a02ae506a433947b4073c8808c7cbf5c58c0edf191452960816e424545f503a434d6329f215c111b475906c4dfe3cb618ac1f051365ea46e26e7289fe2b2e15822ca2220834eea35237979f118a546aad08d5190ffe16c33778bd99dc5bfafd3fdcbae3bd6dda5394f0d4f62c608d41e3c35f7ed6afe194cec45273491b9540139994c268729192452d1f6fc420a38cc3a079e66a68458e66c0f2d29635ca48671502ec8607850a062a08283a4addd5594f199369de986d1e453aae44c309717343505e5668ea972d33ac254fe1c653d336766c887a3fef49cf8a7663da5a37ec248dff74f5fec57a9a8d85c50ef5c3fc4d5f6ce0cc6e9d3f71f64b202b53f05562a4b6575e70eafeb76ab5b6f27dcd0dbbe30612cd9cd5acd21e315e12c72b68ab65e86566d0d5c186cad3e671c7aedca7a116c5f4ba9f7fb1a71358e5b913944aba4de9b0bd15e63ea952275eca07866065a3471db4e39e3bf3feefefcbc0bbd16dd14e599aa366b9d285e624b80808aebdec7e65c2db06eceba25a64bf51bfd0f504b0304140000000800ce4d0253be9fce5f840b00001029000015000000706a696e2d7465747269732f7465747269732e6a73cd1afd4f1449f67713ff87964b3633c7300e206e4e1d37c8ce2ab70a17606f618d21cd4c031d9b6ed2d37c4c7649ec9953e1808318c5e017a204514e7477ddc8a2e8ff724dcfe04ffb2fdcabaafea8aeae1e87752fb90e6166eabd7aefd5fbae3793d5d4bc2174b7f674f5f49fe9e9e86fff52480b757943d48d860143ad3b7c288b312eb4b677f4b7b576fcbdb5dbc1191165b5212baae362dec3eac8f4f604b15469d260b1ceb65ec8f477ff2d9341182da9d4491770e67c67dbd7fdddeddf6500d0dce4adb7759eefee6febfca6a307d61b7dfcaece6ffdf5267fbdbbad2b93e9e8ffb6fdcb9e7300a1b6ff99e2c1a29fcbb49f3d87285164b9f8f894ad5d995657d4c6e3a133747ed3d596e906d8c5c38704e7a99347c421297f7440d1b2971b52c95175a82e11056eac0e6eaa0e6eae0e3e561ddc521d7c1c8309f4d2e143870f4dc86a4e9b486aaaa2893938f3e0989a35644d8dc5bf4758adf9bc64246555366271f459910c61481c910053952684b3f09600725a766c44528de49064641409bd3d5368cfc568f78c039bac22672f87f9a007d14d62f72524d1630ccbf9e48032a6c7e2c2d1a38255ba6715df5ba59f2d73cb2addb28a4fadd25babb869157fb58a37ecb525cb5c465ba70e1f9a42a7832d95570fcbf717015ad95aad2c5e0304ab386b155f58a5a7b00ba358c59f1099d2c30f4bb3f693597b66de3237ede9fbe57b2bf6dc12d9013ea288f93c518823321668c92a3db74a25a058b9b9d18e740db27db83a6f4fdf2658702243ce0a58ff189e47ae8595ef10f158d9d7d741446f3d2b2aca8008ea02712cf38575c54486b0b7e6f676aed9efe660757f15fe5f23dbe088e5ed5547011e5b6c3a9790af6b624964f336d50079523e6050d3630828a3e593f0722a2d1c87d7fa7a7abb4b421e19727c019f2d163f19c4017832af670127105d17e54b1cc4282f0c3e8ed4f5f5611071574ad5c9d1b1fc700c68c75d7dd30fd2fdd50dcb5c0793556ebeb14b0bfbcf9e5be6fbfd776fe1bf65ce557e295ac505ab085a7e09ea77f5686fad80e6c3f4e4c198abd2d3cc81938aa40e19c3c2679f093c6bd08f0bf7a3c07fa6824bd447e7adebf9c45b517c3a5c708ad3c7b2069897e68c230c79c905280a6d38dbd38c3d7007548320788a7261abb46a15d7506016211a1ea337a5451495e696e7dd049965c58a32e2c1c00fa2b24ab0a4d13ee7d3302681004312d169d35403ce12ab6bcad5f17712d4093907f64a072a5215f461491e1a367c7c5292aa6cc81b05454a0e687a4ed251b93d363a29e43545ce097f6a6969a93bc953f23c4a5ca0d5d2744d7aa66dc6ea59f56055f41c6c0a42dac2347c3dfb243faa670ad5d573b03447e37b8a0e6ea8c2e17768daad08289793a28073ec6f6fa7bb7b5abb7afc3a840ac93392ffcbcbc5dfdece78d91795314ae9d87e50b11e63c29b5669c63237acd28a55fa57d878de29066549c93909f62bf43e16486440b47cef0a6cc6f510d32adea07318436e541bbd20ab5a880850b0ef3e282f2c401664b6e47471a25551425bf61777f7b667e98a859eac22897a3b185e1f1795182660c82392ce6614bc08e78274ed6143894f9f7699ba8226a0694ca590ff045589dcff2d3203fa3f8373cf328e866994cb97df7c98fb896109acbe960a9971f06d5e062b2fbdb4ccdb96f90f8e1e8b57089aa7be50d282553a0a1096f0c517d86caec2431b92f95171420d81bcfde9c076e6f8ae7f169fe1378bf0df9e5eb3b7eef878508d8e608aa05c39174b812ae36ccd614d4cc36ab0257a44450257afe38a5447e14e85750edef6e1fe233018ed799e34c1e0d95fdda8aced38f1567cc4cff8492c73979435d071e18f4ede89606ae6e99d47229866d8cffcb0286f4fe306c20f4a6e6ce1e8c6eaff4a9e94726750df928fd1070a05eab5792e25d769303194f663f499b8de8730595eac81bcfc148e763f44bf0fb85cc8e3049ecb61090af5f554d69e9294bcc4e082088807eaedefee8073935e1cb2b0bdf3a4bcb16cafcd9417eee2b05dc7d9115a62d2037b8938cc157787a07b4dcf88d9e19820a1acc369c5a4e4a4509fa6364ef2700a419c02d39fc5395210ab1331dca441af25a155cb8a8e052991a3696587a5ece5f3b22ab121cc267d4faea824efd742f4e227c77fafa2b4fae48d3d7b0bda627be1c57e69d73267ad9269159f90f2479089e547b471a93721a097be84a06b463ac5de3d20b79d09a8009f14fa860e1710a6429d40978c315df5a924a571492fc4b0a6380675d0636113e21d606a68d853d09d47211410424363158c49e1143daea846ea143da7e0211ea18c3b0cdd9bc321e15260cc4c5b9617c5d1c5d2e956e8d24869ce6b0b35f5b254c869132a7d3793d862929f900d88282909c86d5a2e04474f56cc4b42f3e72770327bbdcebf01411a11a83cd2d00889181209158a0d0d27f95b077449bccc8111be7f217c177eae896f986d2061d5ccf6580ab385045a135b9c36857864a2acfdb84d2788f9e1c270070f4a7ead55002775fb2240f48946f87a5f4d0ee6ae1ad56a4c2507643587b39defbbd41d16c7b73f71b15776ca3b4bf6bd971574eb99b58a33a87dc6e5c0ef2b70a2dadb7e2efce7fa0d524100e7f5fadef63f3d9c0f57e72bbb5bf6bb398ce3548f00127d6386d02b2404a3302a857a3f74fd9964d60ab046958260c38eeb372e5acf50bb09b700731e8d77e0428122f336ea16e6aee36ae7e0040b2c0881b355dceb6b7b6009afb3c11f80b1826342697c28f6be8f6627000a8d532e22e44be10c4354bc69fff8c099af7987ba623aeadfdb45fa86b3e1fe102e426f50d940edfa2639ad47ccade45c6ae09ca9386ace7f798d1d60c345d9b2cc277bdbf3fbeba6df46c6b4c14138412f9a642504f2a18f7cc842bfc35424b4a3d7ad4650fb9d0dbd61ac3e17abe061f5318d1a696df144f20563f180350953a7f8382254ab23843d8ddf1728276cce8573e2a023d3b970f0faf64e08612891879ea44761f505b1c248d549f8d0e8cac6b9b3e1b684e9b1dd79ad83e387957913bbcbe6deee726579175ff0de976fbd22ed23b816e40b7b6d0b4f55d155c37723dc4f731c86f22e1ea02f0870aaa3177a214ba1949d3a11d60dc526d912056698b90f2f2f63468d9fc48807e6b1ca4983e2986254e5d5f8c99ca6e8d8abe6f0d1ce1e63833e5ed5eb636cf4c7abb97f341d9edb738b204aa2b50c729d9c7e41348693838a0628f8ad2eaa396d2486a4fc3c348b439342a7e366eb070d629cdf707360b07eb85e1ee1dd2822dbed079c46c8f9a6c7b9115c44a30fcc19127e53c28827fc854676a1895d68c60b970e140e48b2ce8349d69868640569ac49d48348467ab89e4f94ac56251e44b2662cd95fff0f253b86253b7f30c942c6fb5f48d68225ebfea3fd2c42d48348761c4bf6dd416333e4f07f6804706a7e6888be59b9b9529e5ea4cbbe3358e575ea7e6775b44968109a388d7b43732d5cc3cd06ee38993681d29c37718a9a5190bbbd3f96833b07918974abd5eff81f6d85a21a99df27a147892b157af12f6c771fecbf796499b72cf3ae278d7b9dac4590f469cef7ce9a9243cd833318e18939e9810b3c30b27473032253836237ddd1175ccee0c6720d3792b86d840b5c71d6b9db985be5d255fbe18ff802675ae663cb5cf12c42bcd427eb18e805d28a7907da4fce74cd7c8a79cde22f88d6f08d10bad7f7959b1bb4653f3233fbd8dccd51f988381aa16e7fd4e684709569143df0f467731ff32befcaee7989fdf095bd381dc482db123e9df0c30fe47cbcf9926bfbfa34c6e98dc228b8187da18c13928df1e008d9185dd33aafe6acb4d0110e4b4b1d76da28a9ade24bfcd314f255cc261991a06b351e9af323c69d657303ca1f7517f806f7dfb1d3595e4b8baff9b5f4b47ee161270fec372707496d54b625f32eb4998d7f6ab0eed145bf8f1917754127bf8fd103d76ff81cfc9d0cc2cc32a136282b86a4b3a2806dd369418f3bbf14094c09b218e6d7aea0a305b5540ba7239853048dc85da79074ae22c74647d137b8a705fc068d2879df2fb0051c0db3d12c8d3e80e32cb404796d4462f94378a4854934f5f0f52514a8dbd27f01504b010214001400000008007c65ff527aa45d268c040000550500001e0000000000000001002000000000000000706a696e2d7465747269732f696d616765732f626c6f636b2d302e706e67504b010214001400000008009665ff525756255661050000450600001e00000000000000010020000000c8040000706a696e2d7465747269732f696d616765732f626c6f636b2d312e706e67504b01021400140000000800d165ff52d2698cebf1020000cc0300001e00000000000000010020000000650a0000706a696e2d7465747269732f696d616765732f626c6f636b2d322e706e67504b010214001400000008000966ff52a9716c5660040000350500001e00000000000000010020000000920d0000706a696e2d7465747269732f696d616765732f626c6f636b2d332e706e67504b010214001400000008004c66ff52bbf9d558c10200009f0300001e000000000000000100200000002e120000706a696e2d7465747269732f696d616765732f626c6f636b2d342e706e67504b010214001400000008006666ff5266459b3c8a020000700300001e000000000000000100200000002b150000706a696e2d7465747269732f696d616765732f626c6f636b2d352e706e67504b010214001400000008008466ff52d600b790860200006e0300001e00000000000000010020000000f1170000706a696e2d7465747269732f696d616765732f626c6f636b2d362e706e67504b010214001400000008001267ff5221faf458961a00009f1b00001c00000000000000010020000000b31a0000706a696e2d7465747269732f696d616765732f686f77746f2e706e67504b010214001400000008006873315243bc6269c00000009c0200001d0000000000000001002000000083350000706a696e2d7465747269732f696d616765732f73616d706c652e706e67504b010214001400000008002570ff52319bcfd058020000b305000016000000000000000100200000007e360000706a696e2d7465747269732f696e6465782e68746d6c504b01021400140000000800ce4d0253be9fce5f840b00001029000015000000000000000100200000000a390000706a696e2d7465747269732f7465747269732e6a73504b0506000000000b000b0030030000c14400000000', 'hex'),
    NOW()),
  -- Beta プロジェクト用添付ファイル
  ('user1@example.com','Project Beta',
   'error_log.txt',
   'text/plain',
   512,
   decode('4572726F723A20736F6D65206572726F72206D73672E','hex'),
   NOW());

-- 12) workflow_executions --------------------------------------------------
INSERT INTO agentbased.workflow_executions (
  project_user_email, project_name, status, start_time, end_time, summary
) VALUES
  ('admin@example.com','Project Alpha','completed',
   '2025-05-01 09:00:00','2025-05-01 09:03:45',
   'Workflow run #1 completed successfully'),
  ('admin@example.com','Project Gamma','completed',
   '2025-05-03 14:20:00','2025-05-03 14:24:10',
   'Workflow run #2 completed successfully'),
  ('user1@example.com','Project Beta','failed',
   '2025-05-02 11:15:00','2025-05-02 11:16:30',
   'Workflow run #3 failed at \"code_generation\" due to timeout');

